Id,Label
Aloe_Vera_1.jpg,0
Aloe_Vera_10.jpg,0
Aloe_Vera_100.JPG,0
Aloe_Vera_102.jpg,0
Aloe_Vera_106.jpg,0
Aloe_Vera_107.jpg,0
Aloe_Vera_11.png,0
Aloe_Vera_110.jpg,0
Aloe_Vera_111.jpg,0
Aloe_Vera_112.jpg,0
Aloe_Vera_113.jpg,0
Aloe_Vera_116.png,0
Aloe_Vera_117.jpg,0
Aloe_Vera_118.jpg,0
Aloe_Vera_121.jpg,0
Aloe_Vera_122.jpg,0
Aloe_Vera_123.jpg,0
Aloe_Vera_124.jpg,0
Aloe_Vera_125.jpg,0
Aloe_Vera_126.jpg,0
Aloe_Vera_127.png,0
Aloe_Vera_128.jpg,0
Aloe_Vera_130.jpg,0
Aloe_Vera_131.jpg,0
Aloe_Vera_133.jpg,0
Aloe_Vera_135.jpg,0
Aloe_Vera_137.jpg,0
Aloe_Vera_139.png,0
Aloe_Vera_14.png,0
Aloe_Vera_141.jpeg,0
Aloe_Vera_142.jpg,0
Aloe_Vera_143.jpg,0
Aloe_Vera_144.jpg,0
Aloe_Vera_145.jpeg,0
Aloe_Vera_146.jpg,0
Aloe_Vera_147.jpg,0
Aloe_Vera_150.jpg,0
Aloe_Vera_151.jpg,0
Aloe_Vera_152.jpg,0
Aloe_Vera_154.jpg,0
Aloe_Vera_155.jpg,0
Aloe_Vera_156.jpg,0
Aloe_Vera_157.jpg,0
Aloe_Vera_158.jpg,0
Aloe_Vera_159.jpg,0
Aloe_Vera_16.jpg,0
Aloe_Vera_162.jpg,0
Aloe_Vera_164.jpg,0
Aloe_Vera_165.jpg,0
Aloe_Vera_168.jpg,0
Aloe_Vera_169.jpg,0
Aloe_Vera_170.jpg,0
Aloe_Vera_171.jpg,0
Aloe_Vera_172.jpg,0
Aloe_Vera_173.jpg,0
Aloe_Vera_175.jpeg,0
Aloe_Vera_177.JPG,0
Aloe_Vera_179.jpg,0
Aloe_Vera_18.jpg,0
Aloe_Vera_180.jpg,0
Aloe_Vera_182.jpg,0
Aloe_Vera_184.jpg,0
Aloe_Vera_186.jpg,0
Aloe_Vera_188.jpg,0
Aloe_Vera_196.jpg,0
Aloe_Vera_197.jpg,0
Aloe_Vera_198.jpg,0
Aloe_Vera_20.jpg,0
Aloe_Vera_201.jpg,0
Aloe_Vera_202.jpg,0
Aloe_Vera_203.jpg,0
Aloe_Vera_204.jpg,0
Aloe_Vera_207.jpg,0
Aloe_Vera_21.jpeg,0
Aloe_Vera_210.jpg,0
Aloe_Vera_211.jpg,0
Aloe_Vera_212.jpg,0
Aloe_Vera_213.jpg,0
Aloe_Vera_215.jpg,0
Aloe_Vera_217.jpg,0
Aloe_Vera_218.jpg,0
Aloe_Vera_219.jpeg,0
Aloe_Vera_22.jpg,0
Aloe_Vera_220.jpg,0
Aloe_Vera_221.jpg,0
Aloe_Vera_223.jpg,0
Aloe_Vera_224.jpg,0
Aloe_Vera_225.jpg,0
Aloe_Vera_226.jpg,0
Aloe_Vera_227.jpg,0
Aloe_Vera_228.jpg,0
Aloe_Vera_229.jpg,0
Aloe_Vera_23.jpg,0
Aloe_Vera_230.jpg,0
Aloe_Vera_232.png,0
Aloe_Vera_233.jpg,0
Aloe_Vera_234.jpeg,0
Aloe_Vera_237.jpg,0
Aloe_Vera_238.jpg,0
Aloe_Vera_24.jpg,0
Aloe_Vera_240.jpg,0
Aloe_Vera_241.jpeg,0
Aloe_Vera_242.jpg,0
Aloe_Vera_243.jpg,0
Aloe_Vera_244.jpeg,0
Aloe_Vera_246.jpg,0
Aloe_Vera_250.jpg,0
Aloe_Vera_252.jpg,0
Aloe_Vera_28.jpg,0
Aloe_Vera_30.jpg,0
Aloe_Vera_31.jpeg,0
Aloe_Vera_32.jpg,0
Aloe_Vera_35.jpg,0
Aloe_Vera_36.jpg,0
Aloe_Vera_4.jpg,0
Aloe_Vera_40.jpg,0
Aloe_Vera_41.jpg,0
Aloe_Vera_43.jpg,0
Aloe_Vera_44.jpg,0
Aloe_Vera_47.jpg,0
Aloe_Vera_51.jpg,0
Aloe_Vera_52.jpg,0
Aloe_Vera_53.jpg,0
Aloe_Vera_54.jpg,0
Aloe_Vera_61.jpg,0
Aloe_Vera_65.jpg,0
Aloe_Vera_66.jpg,0
Aloe_Vera_68.jpg,0
Aloe_Vera_69.jpg,0
Aloe_Vera_70.jpg,0
Aloe_Vera_71.jpg,0
Aloe_Vera_73.jpg,0
Aloe_Vera_76.jpg,0
Aloe_Vera_77.jpg,0
Aloe_Vera_8.jpg,0
Aloe_Vera_80.jpg,0
Aloe_Vera_81.png,0
Aloe_Vera_82.jpeg,0
Aloe_Vera_83.jpg,0
Aloe_Vera_84.jpg,0
Aloe_Vera_85.jpg,0
Aloe_Vera_86.jpg,0
Aloe_Vera_88.jpg,0
Aloe_Vera_89.jpg,0
Aloe_Vera_94.jpg,0
Aloe_Vera_95.jpg,0
Aloe_Vera_96.jpg,0
Aloe_Vera_99.jpg,0
Chinese_Money_Plant_1.jpg,1
Chinese_Money_Plant_10.jpg,1
Chinese_Money_Plant_100.jpg,1
Chinese_Money_Plant_101.jpg,1
Chinese_Money_Plant_102.jpg,1
Chinese_Money_Plant_106.jpg,1
Chinese_Money_Plant_107.jpeg,1
Chinese_Money_Plant_109.jpeg,1
Chinese_Money_Plant_11.jpg,1
Chinese_Money_Plant_110.jpg,1
Chinese_Money_Plant_111.jpg,1
Chinese_Money_Plant_112.jpg,1
Chinese_Money_Plant_113.jpg,1
Chinese_Money_Plant_115.jpg,1
Chinese_Money_Plant_116.jpg,1
Chinese_Money_Plant_117.jpg,1
Chinese_Money_Plant_12.jpg,1
Chinese_Money_Plant_120.jpg,1
Chinese_Money_Plant_121.jpg,1
Chinese_Money_Plant_122.jpg,1
Chinese_Money_Plant_123.jpg,1
Chinese_Money_Plant_124.jpg,1
Chinese_Money_Plant_125.jpg,1
Chinese_Money_Plant_126.jpeg,1
Chinese_Money_Plant_127.jpg,1
Chinese_Money_Plant_128.jpg,1
Chinese_Money_Plant_129.jpg,1
Chinese_Money_Plant_13.jpg,1
Chinese_Money_Plant_130.jpg,1
Chinese_Money_Plant_131.jpg,1
Chinese_Money_Plant_132.jpg,1
Chinese_Money_Plant_135.jpg,1
Chinese_Money_Plant_138.jpg,1
Chinese_Money_Plant_139.jpg,1
Chinese_Money_Plant_143.jpg,1
Chinese_Money_Plant_144.jpg,1
Chinese_Money_Plant_145.jpg,1
Chinese_Money_Plant_146.jpg,1
Chinese_Money_Plant_147.jpg,1
Chinese_Money_Plant_148.jpg,1
Chinese_Money_Plant_15.jpg,1
Chinese_Money_Plant_150.jpg,1
Chinese_Money_Plant_152.jpg,1
Chinese_Money_Plant_153.jpg,1
Chinese_Money_Plant_154.jpg,1
Chinese_Money_Plant_156.jpg,1
Chinese_Money_Plant_157.jpg,1
Chinese_Money_Plant_158.jpg,1
Chinese_Money_Plant_159.jpg,1
Chinese_Money_Plant_161.jpg,1
Chinese_Money_Plant_162.jpg,1
Chinese_Money_Plant_164.jpg,1
Chinese_Money_Plant_165.jpg,1
Chinese_Money_Plant_166.jpg,1
Chinese_Money_Plant_167.jpg,1
Chinese_Money_Plant_168.jpg,1
Chinese_Money_Plant_17.jpg,1
Chinese_Money_Plant_170.jpeg,1
Chinese_Money_Plant_172.jpeg,1
Chinese_Money_Plant_173.jpg,1
Chinese_Money_Plant_174.jpg,1
Chinese_Money_Plant_175.jpg,1
Chinese_Money_Plant_176.jpg,1
Chinese_Money_Plant_177.jpg,1
Chinese_Money_Plant_179.jpg,1
Chinese_Money_Plant_18.jpg,1
Chinese_Money_Plant_180.jpg,1
Chinese_Money_Plant_182.jpg,1
Chinese_Money_Plant_183.jpg,1
Chinese_Money_Plant_184.jpg,1
Chinese_Money_Plant_185.jpg,1
Chinese_Money_Plant_186.jpg,1
Chinese_Money_Plant_189.jpg,1
Chinese_Money_Plant_190.jpg,1
Chinese_Money_Plant_191.jpg,1
Chinese_Money_Plant_192.jpg,1
Chinese_Money_Plant_194.jpg,1
Chinese_Money_Plant_195.jpeg,1
Chinese_Money_Plant_196.png,1
Chinese_Money_Plant_197.jpg,1
Chinese_Money_Plant_198.jpg,1
Chinese_Money_Plant_199.jpeg,1
Chinese_Money_Plant_2.jpg,1
Chinese_Money_Plant_201.jpg,1
Chinese_Money_Plant_202.jpg,1
Chinese_Money_Plant_204.jpg,1
Chinese_Money_Plant_205.jpg,1
Chinese_Money_Plant_206.jpg,1
Chinese_Money_Plant_207.jpg,1
Chinese_Money_Plant_209.jpg,1
Chinese_Money_Plant_21.jpg,1
Chinese_Money_Plant_210.jpg,1
Chinese_Money_Plant_211.jpg,1
Chinese_Money_Plant_213.jpg,1
Chinese_Money_Plant_215.jpg,1
Chinese_Money_Plant_217.jpg,1
Chinese_Money_Plant_218.jpg,1
Chinese_Money_Plant_220.jpg,1
Chinese_Money_Plant_221.jpg,1
Chinese_Money_Plant_222.jpg,1
Chinese_Money_Plant_223.jpeg,1
Chinese_Money_Plant_224.jpg,1
Chinese_Money_Plant_225.jpg,1
Chinese_Money_Plant_227.jpg,1
Chinese_Money_Plant_228.jpg,1
Chinese_Money_Plant_229.jpg,1
Chinese_Money_Plant_230.jpg,1
Chinese_Money_Plant_231.jpg,1
Chinese_Money_Plant_232.jpg,1
Chinese_Money_Plant_233.jpg,1
Chinese_Money_Plant_234.jpg,1
Chinese_Money_Plant_235.jpg,1
Chinese_Money_Plant_238.jpg,1
Chinese_Money_Plant_24.jpg,1
Chinese_Money_Plant_240.jpg,1
Chinese_Money_Plant_242.jpg,1
Chinese_Money_Plant_243.jpeg,1
Chinese_Money_Plant_246.jpg,1
Chinese_Money_Plant_247.jpg,1
Chinese_Money_Plant_248.jpg,1
Chinese_Money_Plant_249.jpg,1
Chinese_Money_Plant_25.jpg,1
Chinese_Money_Plant_250.jpg,1
Chinese_Money_Plant_251.jpg,1
Chinese_Money_Plant_252.jpg,1
Chinese_Money_Plant_253.jpg,1
Chinese_Money_Plant_254.jpg,1
Chinese_Money_Plant_255.jpg,1
Chinese_Money_Plant_256.jpg,1
Chinese_Money_Plant_257.jpg,1
Chinese_Money_Plant_26.jpg,1
Chinese_Money_Plant_260.jpg,1
Chinese_Money_Plant_261.png,1
Chinese_Money_Plant_262.jpg,1
Chinese_Money_Plant_264.jpg,1
Chinese_Money_Plant_265.jpg,1
Chinese_Money_Plant_266.jpg,1
Chinese_Money_Plant_267.jpg,1
Chinese_Money_Plant_268.jpg,1
Chinese_Money_Plant_269.jpg,1
Chinese_Money_Plant_27.jpg,1
Chinese_Money_Plant_271.jpg,1
Chinese_Money_Plant_273.jpg,1
Chinese_Money_Plant_275.jpg,1
Chinese_Money_Plant_28.jpg,1
Chinese_Money_Plant_280.jpg,1
Chinese_Money_Plant_281.jpg,1
Chinese_Money_Plant_283.jpg,1
Chinese_Money_Plant_284.jpg,1
Chinese_Money_Plant_285.jpg,1
Chinese_Money_Plant_289.jpg,1
Chinese_Money_Plant_29.jpg,1
Chinese_Money_Plant_290.jpg,1
Chinese_Money_Plant_291.jpg,1
Chinese_Money_Plant_292.jpg,1
Chinese_Money_Plant_294.jpg,1
Chinese_Money_Plant_295.jpg,1
Chinese_Money_Plant_296.png,1
Chinese_Money_Plant_297.jpg,1
Chinese_Money_Plant_298.jpg,1
Chinese_Money_Plant_299.jpg,1
Chinese_Money_Plant_3.jpg,1
Chinese_Money_Plant_30.jpg,1
Chinese_Money_Plant_300.jpg,1
Chinese_Money_Plant_301.jpg,1
Chinese_Money_Plant_302.jpg,1
Chinese_Money_Plant_303.jpg,1
Chinese_Money_Plant_304.jpg,1
Chinese_Money_Plant_306.jpg,1
Chinese_Money_Plant_307.jpg,1
Chinese_Money_Plant_309.jpg,1
Chinese_Money_Plant_310.jpg,1
Chinese_Money_Plant_312.jpeg,1
Chinese_Money_Plant_314.jpg,1
Chinese_Money_Plant_315.jpg,1
Chinese_Money_Plant_317.jpg,1
Chinese_Money_Plant_318.jpg,1
Chinese_Money_Plant_319.jpg,1
Chinese_Money_Plant_32.jpg,1
Chinese_Money_Plant_320.png,1
Chinese_Money_Plant_321.jpg,1
Chinese_Money_Plant_322.jpg,1
Chinese_Money_Plant_323.jpg,1
Chinese_Money_Plant_324.jpg,1
Chinese_Money_Plant_326.jpg,1
Chinese_Money_Plant_327.jpg,1
Chinese_Money_Plant_328.jpg,1
Chinese_Money_Plant_329.jpg,1
Chinese_Money_Plant_330.jpg,1
Chinese_Money_Plant_333.jpg,1
Chinese_Money_Plant_334.jpg,1
Chinese_Money_Plant_335.jpg,1
Chinese_Money_Plant_336.jpg,1
Chinese_Money_Plant_337.jpg,1
Chinese_Money_Plant_338.jpg,1
Chinese_Money_Plant_340.jpg,1
Chinese_Money_Plant_341.jpg,1
Chinese_Money_Plant_343.jpg,1
Chinese_Money_Plant_344.jpg,1
Chinese_Money_Plant_345.jpg,1
Chinese_Money_Plant_346.jpg,1
Chinese_Money_Plant_347.jpg,1
Chinese_Money_Plant_348.jpg,1
Chinese_Money_Plant_35.jpg,1
Chinese_Money_Plant_350.jpg,1
Chinese_Money_Plant_351.jpg,1
Chinese_Money_Plant_352.jpg,1
Chinese_Money_Plant_353.jpg,1
Chinese_Money_Plant_354.jpg,1
Chinese_Money_Plant_355.jpg,1
Chinese_Money_Plant_356.jpg,1
Chinese_Money_Plant_357.jpg,1
Chinese_Money_Plant_358.jpg,1
Chinese_Money_Plant_36.jpg,1
Chinese_Money_Plant_360.png,1
Chinese_Money_Plant_362.jpg,1
Chinese_Money_Plant_364.jpg,1
Chinese_Money_Plant_365.jpg,1
Chinese_Money_Plant_366.jpg,1
Chinese_Money_Plant_367.jpg,1
Chinese_Money_Plant_369.jpg,1
Chinese_Money_Plant_370.jpg,1
Chinese_Money_Plant_371.jpg,1
Chinese_Money_Plant_372.jpg,1
Chinese_Money_Plant_373.jpg,1
Chinese_Money_Plant_374.jpg,1
Chinese_Money_Plant_375.jpg,1
Chinese_Money_Plant_376.jpg,1
Chinese_Money_Plant_379.jpg,1
Chinese_Money_Plant_382.jpg,1
Chinese_Money_Plant_39.jpg,1
Chinese_Money_Plant_4.jpg,1
Chinese_Money_Plant_40.jpg,1
Chinese_Money_Plant_41.jpg,1
Chinese_Money_Plant_42.JPG,1
Chinese_Money_Plant_43.jpg,1
Chinese_Money_Plant_45.jpeg,1
Chinese_Money_Plant_46.jpg,1
Chinese_Money_Plant_47.jpg,1
Chinese_Money_Plant_48.jpg,1
Chinese_Money_Plant_5.jpg,1
Chinese_Money_Plant_50.jpg,1
Chinese_Money_Plant_53.jpeg,1
Chinese_Money_Plant_54.JPG,1
Chinese_Money_Plant_57.jpg,1
Chinese_Money_Plant_58.jpg,1
Chinese_Money_Plant_59.jpg,1
Chinese_Money_Plant_6.jpeg,1
Chinese_Money_Plant_61.jpg,1
Chinese_Money_Plant_62.jpg,1
Chinese_Money_Plant_63.jpg,1
Chinese_Money_Plant_64.jpg,1
Chinese_Money_Plant_65.jpg,1
Chinese_Money_Plant_66.jpg,1
Chinese_Money_Plant_69.jpg,1
Chinese_Money_Plant_7.jpg,1
Chinese_Money_Plant_71.jpg,1
Chinese_Money_Plant_72.jpeg,1
Chinese_Money_Plant_73.jpg,1
Chinese_Money_Plant_74.jpg,1
Chinese_Money_Plant_77.jpg,1
Chinese_Money_Plant_78.jpg,1
Chinese_Money_Plant_79.jpg,1
Chinese_Money_Plant_80.jpg,1
Chinese_Money_Plant_81.jpg,1
Chinese_Money_Plant_83.jpeg,1
Chinese_Money_Plant_85.jpg,1
Chinese_Money_Plant_86.jpg,1
Chinese_Money_Plant_89.jpg,1
Chinese_Money_Plant_9.jpg,1
Chinese_Money_Plant_90.jpg,1
Chinese_Money_Plant_91.jpg,1
Chinese_Money_Plant_92.jpg,1
Chinese_Money_Plant_93.jpg,1
Chinese_Money_Plant_94.jpg,1
Chinese_Money_Plant_95.jpg,1
Chinese_Money_Plant_96.jpg,1
Chinese_Money_Plant_98.jpeg,1
Chinese_Money_Plant_99.jpeg,1
Elephant_Ear_1.jpg,2
Elephant_Ear_10.jpg,2
Elephant_Ear_100.jpg,2
Elephant_Ear_101.jpg,2
Elephant_Ear_103.jpg,2
Elephant_Ear_104.jpg,2
Elephant_Ear_105.JPG,2
Elephant_Ear_106.jpg,2
Elephant_Ear_107.jpg,2
Elephant_Ear_108.jpg,2
Elephant_Ear_109.jpg,2
Elephant_Ear_11.jpg,2
Elephant_Ear_110.jpg,2
Elephant_Ear_112.jpg,2
Elephant_Ear_113.jpg,2
Elephant_Ear_114.jpg,2
Elephant_Ear_115.jpg,2
Elephant_Ear_117.jpg,2
Elephant_Ear_119.jpg,2
Elephant_Ear_12.jpg,2
Elephant_Ear_120.jpg,2
Elephant_Ear_121.jpg,2
Elephant_Ear_122.jpg,2
Elephant_Ear_123.jpg,2
Elephant_Ear_124.jpg,2
Elephant_Ear_126.jpg,2
Elephant_Ear_127.jpg,2
Elephant_Ear_128.jpg,2
Elephant_Ear_129.jpg,2
Elephant_Ear_130.jpg,2
Elephant_Ear_131.jpg,2
Elephant_Ear_132.jpg,2
Elephant_Ear_133.jpg,2
Elephant_Ear_134.jpg,2
Elephant_Ear_135.jpg,2
Elephant_Ear_136.jpg,2
Elephant_Ear_137.jpg,2
Elephant_Ear_138.jpg,2
Elephant_Ear_139.png,2
Elephant_Ear_14.jpg,2
Elephant_Ear_140.jpg,2
Elephant_Ear_141.jpg,2
Elephant_Ear_142.jpg,2
Elephant_Ear_143.jpg,2
Elephant_Ear_144.jpg,2
Elephant_Ear_145.jpg,2
Elephant_Ear_146.jpg,2
Elephant_Ear_147.jpg,2
Elephant_Ear_148.jpg,2
Elephant_Ear_149.jpg,2
Elephant_Ear_15.jpg,2
Elephant_Ear_150.jpg,2
Elephant_Ear_151.jpg,2
Elephant_Ear_152.jpg,2
Elephant_Ear_153.jpg,2
Elephant_Ear_154.jpg,2
Elephant_Ear_155.jpg,2
Elephant_Ear_156.jpg,2
Elephant_Ear_157.jpg,2
Elephant_Ear_158.jpg,2
Elephant_Ear_16.jpg,2
Elephant_Ear_161.jpeg,2
Elephant_Ear_162.jpg,2
Elephant_Ear_163.jpg,2
Elephant_Ear_165.jpg,2
Elephant_Ear_166.jpg,2
Elephant_Ear_168.jpg,2
Elephant_Ear_169.jpg,2
Elephant_Ear_170.jpg,2
Elephant_Ear_171.jpg,2
Elephant_Ear_172.jpg,2
Elephant_Ear_173.png,2
Elephant_Ear_175.jpg,2
Elephant_Ear_177.jpg,2
Elephant_Ear_178.jpg,2
Elephant_Ear_18.jpg,2
Elephant_Ear_181.jpg,2
Elephant_Ear_182.jpg,2
Elephant_Ear_183.jpg,2
Elephant_Ear_185.jpeg,2
Elephant_Ear_186.jpg,2
Elephant_Ear_187.jpg,2
Elephant_Ear_188.jpg,2
Elephant_Ear_189.jpg,2
Elephant_Ear_19.jpg,2
Elephant_Ear_190.jpg,2
Elephant_Ear_192.jpg,2
Elephant_Ear_193.jpg,2
Elephant_Ear_194.jpg,2
Elephant_Ear_195.jpg,2
Elephant_Ear_196.jpg,2
Elephant_Ear_197.jpg,2
Elephant_Ear_199.png,2
Elephant_Ear_2.jpg,2
Elephant_Ear_20.jpeg,2
Elephant_Ear_200.jpg,2
Elephant_Ear_201.jpg,2
Elephant_Ear_202.jpg,2
Elephant_Ear_203.jpeg,2
Elephant_Ear_204.jpg,2
Elephant_Ear_205.jpg,2
Elephant_Ear_206.jpg,2
Elephant_Ear_207.jpg,2
Elephant_Ear_208.jpg,2
Elephant_Ear_209.jpg,2
Elephant_Ear_21.jpg,2
Elephant_Ear_210.png,2
Elephant_Ear_211.jpg,2
Elephant_Ear_212.jpg,2
Elephant_Ear_213.jpg,2
Elephant_Ear_214.jpg,2
Elephant_Ear_215.jpg,2
Elephant_Ear_216.jpg,2
Elephant_Ear_217.jpg,2
Elephant_Ear_218.jpg,2
Elephant_Ear_219.jpg,2
Elephant_Ear_22.jpeg,2
Elephant_Ear_220.jpg,2
Elephant_Ear_221.jpg,2
Elephant_Ear_223.jpg,2
Elephant_Ear_224.jpg,2
Elephant_Ear_225.jpg,2
Elephant_Ear_227.jpeg,2
Elephant_Ear_228.jpg,2
Elephant_Ear_229.jpg,2
Elephant_Ear_23.jpg,2
Elephant_Ear_232.jpg,2
Elephant_Ear_233.jpg,2
Elephant_Ear_234.jpg,2
Elephant_Ear_235.jpg,2
Elephant_Ear_237.jpg,2
Elephant_Ear_238.jpg,2
Elephant_Ear_239.jpg,2
Elephant_Ear_240.jpg,2
Elephant_Ear_241.jpg,2
Elephant_Ear_243.jpg,2
Elephant_Ear_245.jpg,2
Elephant_Ear_246.jpg,2
Elephant_Ear_247.jpg,2
Elephant_Ear_248.jpg,2
Elephant_Ear_249.jpg,2
Elephant_Ear_25.jpg,2
Elephant_Ear_250.jpg,2
Elephant_Ear_251.jpg,2
Elephant_Ear_252.jpg,2
Elephant_Ear_253.jpg,2
Elephant_Ear_256.jpg,2
Elephant_Ear_258.jpg,2
Elephant_Ear_259.jpg,2
Elephant_Ear_260.jpg,2
Elephant_Ear_262.jpg,2
Elephant_Ear_263.jpg,2
Elephant_Ear_264.jpg,2
Elephant_Ear_265.jpg,2
Elephant_Ear_266.jpg,2
Elephant_Ear_267.jpg,2
Elephant_Ear_268.jpg,2
Elephant_Ear_269.JPG,2
Elephant_Ear_27.jpg,2
Elephant_Ear_270.jpg,2
Elephant_Ear_271.jpg,2
Elephant_Ear_272.jpg,2
Elephant_Ear_273.jpg,2
Elephant_Ear_274.jpg,2
Elephant_Ear_275.jpg,2
Elephant_Ear_276.jpg,2
Elephant_Ear_277.jpg,2
Elephant_Ear_278.jpg,2
Elephant_Ear_279.jpg,2
Elephant_Ear_28.jpg,2
Elephant_Ear_281.jpg,2
Elephant_Ear_284.jpg,2
Elephant_Ear_285.jpg,2
Elephant_Ear_286.jpg,2
Elephant_Ear_290.jpg,2
Elephant_Ear_291.jpg,2
Elephant_Ear_292.jpg,2
Elephant_Ear_293.jpg,2
Elephant_Ear_294.jpg,2
Elephant_Ear_295.jpg,2
Elephant_Ear_296.jpeg,2
Elephant_Ear_297.jpeg,2
Elephant_Ear_298.png,2
Elephant_Ear_299.jpg,2
Elephant_Ear_3.jpg,2
Elephant_Ear_30.jpg,2
Elephant_Ear_300.jpg,2
Elephant_Ear_302.jpg,2
Elephant_Ear_303.jpg,2
Elephant_Ear_305.jpg,2
Elephant_Ear_306.jpg,2
Elephant_Ear_309.jpg,2
Elephant_Ear_31.jpg,2
Elephant_Ear_310.jpg,2
Elephant_Ear_311.jpg,2
Elephant_Ear_312.jpg,2
Elephant_Ear_313.jpeg,2
Elephant_Ear_314.jpg,2
Elephant_Ear_315.jpg,2
Elephant_Ear_319.jpg,2
Elephant_Ear_32.jpg,2
Elephant_Ear_320.jpg,2
Elephant_Ear_321.jpg,2
Elephant_Ear_323.jpg,2
Elephant_Ear_324.jpg,2
Elephant_Ear_328.jpg,2
Elephant_Ear_329.jpg,2
Elephant_Ear_33.jpg,2
Elephant_Ear_331.jpg,2
Elephant_Ear_332.jpg,2
Elephant_Ear_34.jpg,2
Elephant_Ear_35.JPG,2
Elephant_Ear_36.jpg,2
Elephant_Ear_37.jpg,2
Elephant_Ear_38.jpg,2
Elephant_Ear_39.jpg,2
Elephant_Ear_4.jpg,2
Elephant_Ear_40.jpeg,2
Elephant_Ear_41.jpg,2
Elephant_Ear_42.jpg,2
Elephant_Ear_43.jpg,2
Elephant_Ear_44.jpg,2
Elephant_Ear_45.jpg,2
Elephant_Ear_46.jpg,2
Elephant_Ear_47.jpg,2
Elephant_Ear_48.jpg,2
Elephant_Ear_5.jpg,2
Elephant_Ear_50.jpg,2
Elephant_Ear_51.jpg,2
Elephant_Ear_52.jpg,2
Elephant_Ear_54.jpg,2
Elephant_Ear_56.jpg,2
Elephant_Ear_57.jpg,2
Elephant_Ear_58.jpg,2
Elephant_Ear_59.jpg,2
Elephant_Ear_6.jpg,2
Elephant_Ear_60.jpg,2
Elephant_Ear_61.jpg,2
Elephant_Ear_63.jpg,2
Elephant_Ear_64.jpg,2
Elephant_Ear_66.jpg,2
Elephant_Ear_68.jpg,2
Elephant_Ear_69.jpg,2
Elephant_Ear_7.jpg,2
Elephant_Ear_71.jpg,2
Elephant_Ear_72.jpg,2
Elephant_Ear_74.jpg,2
Elephant_Ear_76.jpg,2
Elephant_Ear_77.jpg,2
Elephant_Ear_78.jpg,2
Elephant_Ear_79.jpg,2
Elephant_Ear_8.jpg,2
Elephant_Ear_80.jpg,2
Elephant_Ear_82.jpg,2
Elephant_Ear_83.jpg,2
Elephant_Ear_85.jpg,2
Elephant_Ear_86.jpg,2
Elephant_Ear_87.jpg,2
Elephant_Ear_88.jpg,2
Elephant_Ear_89.jpg,2
Elephant_Ear_9.jpg,2
Elephant_Ear_90.jpg,2
Elephant_Ear_91.jpg,2
Elephant_Ear_92.jpg,2
Elephant_Ear_93.jpg,2
Elephant_Ear_94.jpg,2
Elephant_Ear_95.jpeg,2
Elephant_Ear_96.jpg,2
Elephant_Ear_97.jpg,2
